Mercedes-Benz,A-Class
Audi,A3
Audi,A4
Audi,A4 allroad
Audi,A5
Audi,A6
Audi,A6 allroad
Audi,A7
Audi,A8
GMC,Acadia
Hyundai,Accent
Honda,Accord
Honda,Accord Hybrid
Lucid,Air
Nissan,Altima
Nissan,Ariya
Nissan,Armada
Volkswagen,Arteon
Subaru,Ascent
Volkswagen,Atlas
Volkswagen,Atlas Cross Sport
Toyota,Avalon
Toyota,Avalon Hybrid
Lamborghini,Aventador
Lincoln,Aviator
Bentley,Bentayga
Chevrolet,Blazer
Chevrolet,Blazer EV
Chevrolet,Bolt EUV
Chevrolet,Bolt EV
Ford,Bronco
Ford,Bronco Sport
Subaru,BRZ
Toyota,bZ4X
Mercedes-Benz,C-Class
Toyota,C-HR
Volvo,C40 Recharge
Chevrolet,Camaro
Toyota,Camry
Toyota,Camry Hybrid
GMC,Canyon Crew Cab
GMC,Canyon Extended Cab
Kia,Carnival
Porsche,Cayenne
Porsche,Cayenne Coupe
Cadillac,Celestiq
Dodge,Challenger
Dodge,Charger
Jeep,Cherokee
Honda,Civic
Honda,Civic Type R
Mercedes-Benz,CLA
Honda,Clarity Fuel Cell
Honda,Clarity Plug-in Hybrid
Mercedes-Benz,CLS
MINI,Clubman
Chevrolet,Colorado Crew Cab
Chevrolet,Colorado Extended Cab
Jeep,Compass
Bentley,Continental GT
MINI,Convertible
Toyota,Corolla
Toyota,Corolla Cross
Toyota,Corolla Cross Hybrid
Toyota,Corolla Hatchback
Toyota,Corolla Hybrid
Lincoln,Corsair
Chevrolet,Corvette
MINI,Countryman
Honda,CR-V
Honda,CR-V Hybrid
Subaru,Crosstrek
Toyota,Crown
Cadillac,CT4
Cadillac,CT5
Rolls-Royce,Cullinan
MAZDA,CX-3
MAZDA,CX-30
MAZDA,CX-5
MAZDA,CX-50
MAZDA,CX-70
MAZDA,CX-9
MAZDA,CX-90
Tesla,Cybertruck
Rolls-Royce,Dawn
Aston Martin,DB11
Aston Martin,DBS
Aston Martin,DBS Superleggera
Aston Martin,DBX
Land Rover,Defender 110
Land Rover,Defender 130
Land Rover,Defender 90
Land Rover,Discovery
Land Rover,Discovery Sport
Dodge,Durango
Mercedes-Benz,E-Class
Jaguar,E-PACE
Ford,E-Transit 350 Cargo Van
Audi,e-tron
Audi,e-tron GT
Audi,e-tron S
Audi,e-tron S Sportback
Audi,e-tron Sportback
Mitsubishi,Eclipse Cross
Ford,EcoSport
Ford,Edge
Hyundai,Elantra
Hyundai,Elantra Hybrid
Hyundai,Elantra N
Genesis,Electrified G80
Buick,Enclave
Buick,Encore
Buick,Encore GX
Buick,Envision
Chevrolet,Equinox
Chevrolet,Equinox EV
Lexus,ES
Cadillac,Escalade
Cadillac,Escalade ESV
Ford,Escape
Ford,Escape Plug-in Hybrid
Kia,EV6
Kia,EV9
Lotus,Evora GT
Ford,Expedition
Ford,Expedition MAX
Ford,Explorer
Chevrolet,Express 2500 Cargo
Chevrolet,Express 2500 Passenger
Chevrolet,Express 3500 Cargo
Chevrolet,Express 3500 Passenger
Jaguar,F-PACE
Jaguar,F-TYPE
Ford,F150 Lightning
Ford,F150 Regular Cab
Ford,F150 Super Cab
Ford,F150 SuperCrew Cab
Ford,F250 Super Duty Crew Cab
Ford,F250 Super Duty Regular Cab
Ford,F250 Super Duty Super Cab
Ford,F350 Super Duty Crew Cab
Ford,F350 Super Duty Regular Cab
Ford,F350 Super Duty Super Cab
Ford,F450 Super Duty Crew Cab
Ford,F450 Super Duty Regular Cab
Ferrari,F8
Bentley,Flying Spur
Subaru,Forester
Kia,Forte
Nissan,Frontier Crew Cab
Nissan,Frontier King Cab
Mercedes-Benz,G-Class
Genesis,G70
Genesis,G80
Genesis,G90
Maserati,Ghibli
Rolls-Royce,Ghost
Alfa Romeo,Giulia
Mercedes-Benz,GLA
Jeep,Gladiator
Mercedes-Benz,GLB
Mercedes-Benz,GLC
Mercedes-Benz,GLC Coupe
Mercedes-Benz,GLE
Mercedes-Benz,GLS
Volkswagen,Golf
Volkswagen,Golf GTI
Volkswagen,Golf R
Toyota,GR Supra
Toyota,GR86
Jeep,Grand Cherokee
Jeep,Grand Cherokee 4xe
Jeep,Grand Cherokee L
Jeep,Grand Wagoneer
Jeep,Grand Wagoneer L
Maserati,Grecale
Nissan,GT-R
Genesis,GV60
Genesis,GV70
Genesis,GV80
Lexus,GX
MINI,Hardtop 2 Door
MINI,Hardtop 4 Door
Toyota,Highlander
Toyota,Highlander Hybrid
Dodge,Hornet
Honda,HR-V
GMC,Hummer EV
GMC,Hummer EV SUV
Lamborghini,Huracan
Jaguar,I-PACE
BMW,i3
BMW,i4
BMW,i7
Volkswagen,ID.4
Volkswagen,ID.Buzz
Acura,ILX
Subaru,Impreza
Honda,Insight
Acura,Integra
Hyundai,IONIQ 5
Hyundai,IONIQ 6
Hyundai,Ioniq Electric
Hyundai,Ioniq Hybrid
Hyundai,Ioniq Plug-in Hybrid
Lexus,IS
BMW,iX
Volkswagen,Jetta
Volkswagen,Jetta GLI
Kia,K5
Nissan,Kicks
Hyundai,Kona
Hyundai,Kona Electric
Hyundai,Kona N
Toyota,Land Cruiser
Lexus,LC
Nissan,LEAF
Subaru,Legacy
Maserati,Levante
Lexus,LS
Lexus,LX
Cadillac,LYRIQ
BMW,M2
BMW,M3
BMW,M4
BMW,M5
BMW,M8
Porsche,Macan
Chevrolet,Malibu
Ford,Maverick
Nissan,Maxima
MAZDA,MAZDA3
MAZDA,MAZDA6
Maserati,MC20
Acura,MDX
Mercedes-Benz,Mercedes-AMG A-Class
Mercedes-Benz,Mercedes-AMG C-Class
Mercedes-Benz,Mercedes-AMG CLA
Mercedes-Benz,Mercedes-AMG CLS
Mercedes-Benz,Mercedes-AMG E-Class
Mercedes-Benz,Mercedes-AMG EQS
Mercedes-Benz,Mercedes-AMG G-Class
Mercedes-Benz,Mercedes-AMG GLA
Mercedes-Benz,Mercedes-AMG GLB
Mercedes-Benz,Mercedes-AMG GLC
Mercedes-Benz,Mercedes-AMG GLC Coupe
Mercedes-Benz,Mercedes-AMG GLE
Mercedes-Benz,Mercedes-AMG GLE Coupe
Mercedes-Benz,Mercedes-AMG GLS
Mercedes-Benz,Mercedes-AMG GT
Mercedes-Benz,Mercedes-AMG S-Class
Mercedes-Benz,Mercedes-AMG SL
Mercedes-Benz,Mercedes-EQ EQB
Mercedes-Benz,Mercedes-EQ EQE
Mercedes-Benz,Mercedes-EQ EQS
Mercedes-Benz,Mercedes-EQ EQS SUV
Mercedes-Benz,Mercedes-Maybach GLS
Mercedes-Benz,Mercedes-Maybach S-Class
Mercedes-Benz,Metris Cargo
Mercedes-Benz,Metris Passenger
Mitsubishi,Mirage
Mitsubishi,Mirage G4
Toyota,Mirai
Tesla,Model 3
Tesla,Model S
Tesla,Model X
Tesla,Model Y
Nissan,Murano
Ford,Mustang
Ford,Mustang MACH-E
MAZDA,MX-30
MAZDA,MX-5 Miata
MAZDA,MX-5 Miata RF
Lincoln,Nautilus
Lincoln,Navigator
Lincoln,Navigator L
Hyundai,NEXO
Kia,Niro
Kia,Niro EV
Kia,Niro Plug-in Hybrid
Acura,NSX
Nissan,NV1500 Cargo
Nissan,NV200
Nissan,NV2500 HD Cargo
Nissan,NV3500 HD Cargo
Nissan,NV3500 HD Passenger
Lexus,NX
Honda,Odyssey
Subaru,Outback
Mitsubishi,Outlander
Mitsubishi,Outlander PHEV
Mitsubishi,Outlander Sport
Chrysler,Pacifica
Chrysler,Pacifica Hybrid
Hyundai,Palisade
Porsche,Panamera
Volkswagen,Passat
Honda,Passport
Nissan,Pathfinder
Rolls-Royce,Phantom
Honda,Pilot
Ferrari,Portofino
Toyota,Prius
Toyota,Prius Prime
Honda,Prologue
Ram,ProMaster Cargo Van
Ram,ProMaster City
Ram,ProMaster Window Van
Audi,Q3
Audi,Q4 e-tron
Audi,Q4 Sportback e-tron
Audi,Q5
Audi,Q5 Sportback
INFINITI,Q50
INFINITI,Q60
Audi,Q7
Audi,Q8
Maserati,Quattroporte
INFINITI,QX50
INFINITI,QX55
INFINITI,QX60
INFINITI,QX80
Rivian,R1S
Rivian,R1T
Audi,R8
Land Rover,Range Rover
Land Rover,Range Rover Evoque
Land Rover,Range Rover Sport
Land Rover,Range Rover Velar
Ford,Ranger SuperCab
Ford,Ranger SuperCrew
Toyota,RAV4
Toyota,RAV4 Hybrid
Toyota,RAV4 Prime
Lexus,RC
Acura,RDX
Jeep,Renegade
Honda,Ridgeline
Kia,Rio
Nissan,Rogue
Nissan,Rogue Sport
Ferrari,Roma
Audi,RS 3
Audi,RS 5
Audi,RS 6
Audi,RS 7
Audi,RS e-tron GT
Audi,RS Q8
Lexus,RX
Lexus,RZ
Mercedes-Benz,S-Class
Audi,S3
Audi,S4
Audi,S5
Audi,S6
Volvo,S60
Audi,S7
Audi,S8
Volvo,S90
Hyundai,Santa Cruz
Hyundai,Santa Fe
Hyundai,Santa Fe Hybrid
Hyundai,Santa Fe Plug-in Hybrid
GMC,Savana 2500 Cargo
GMC,Savana 2500 Passenger
GMC,Savana 3500 Cargo
GMC,Savana 3500 Passenger
Kia,Sedona
Kia,Seltos
Nissan,Sentra
Toyota,Sequoia
Ferrari,SF90
Toyota,Sienna
GMC,Sierra 1500 Crew Cab
GMC,Sierra 1500 Double Cab
GMC,Sierra 1500 Limited Crew Cab
GMC,Sierra 1500 Limited Double Cab
GMC,Sierra 1500 Limited Regular Cab
GMC,Sierra 1500 Regular Cab
GMC,Sierra 2500 HD Crew Cab
GMC,Sierra 2500 HD Double Cab
GMC,Sierra 2500 HD Regular Cab
GMC,Sierra 3500 HD Crew Cab
GMC,Sierra 3500 HD Double Cab
GMC,Sierra 3500 HD Regular Cab
Chevrolet,Silverado 1500 Crew Cab
Chevrolet,Silverado 1500 Double Cab
Chevrolet,Silverado 1500 Limited Crew Cab
Chevrolet,Silverado 1500 Limited Double Cab
Chevrolet,Silverado 1500 Limited Regular Cab
Chevrolet,Silverado 1500 Regular Cab
Chevrolet,Silverado 2500 HD Crew Cab
Chevrolet,Silverado 2500 HD Double Cab
Chevrolet,Silverado 2500 HD Regular Cab
Chevrolet,Silverado 3500 HD Crew Cab
Chevrolet,Silverado 3500 HD Double Cab
Chevrolet,Silverado 3500 HD Regular Cab
Chevrolet,Silverado EV
Subaru,Solterra
Hyundai,Sonata
Hyundai,Sonata Hybrid
Kia,Sorento
Kia,Sorento Hybrid
Kia,Sorento Plug-in Hybrid
Kia,Soul
Chevrolet,Spark
Kia,Sportage
Kia,Sportage Hybrid
Kia,Sportage Plug-in Hybrid
Mercedes-Benz,Sprinter 1500 Cargo
Freightliner,Sprinter 1500 Cargo
Mercedes-Benz,Sprinter 1500 Passenger
Freightliner,Sprinter 1500 Passenger
Mercedes-Benz,Sprinter 2500 Cargo
Freightliner,Sprinter 2500 Cargo
Mercedes-Benz,Sprinter 2500 Crew
Freightliner,Sprinter 2500 Crew
Mercedes-Benz,Sprinter 2500 Passenger
Freightliner,Sprinter 2500 Passenger
Mercedes-Benz,Sprinter 3500 Cargo
Freightliner,Sprinter 3500 Cargo
Mercedes-Benz,Sprinter 3500 Crew
Freightliner,Sprinter 3500 Crew
Mercedes-Benz,Sprinter 3500 XD Cargo
Mercedes-Benz,Sprinter 3500 XD Crew
Freightliner,Sprinter 3500 XD Crew
Freightliner,Sprinter 3500XD Cargo
Mercedes-Benz,Sprinter 4500 Cargo
Freightliner,Sprinter 4500 Cargo
Mercedes-Benz,Sprinter 4500 Crew
Freightliner,Sprinter 4500 Crew
Audi,SQ5
Audi,SQ5 Sportback
Audi,SQ7
Audi,SQ8
Alfa Romeo,Stelvio
Kia,Stinger
Chevrolet,Suburban
Toyota,Tacoma Access Cab
Toyota,Tacoma Double Cab
Chevrolet,Tahoe
Volkswagen,Taos
Porsche,Taycan
Porsche,Taycan Cross Turismo
Kia,Telluride
GMC,Terrain
Volkswagen,Tiguan
Nissan,Titan Crew Cab
Nissan,Titan King Cab
Nissan,TITAN XD Crew Cab
Acura,TLX
Alfa Romeo,Tonale
Chevrolet,Trailblazer
Ford,Transit 150 Cargo Van
Ford,Transit 150 Crew Van
Ford,Transit 150 Passenger Van
Ford,Transit 250 Cargo Van
Ford,Transit 250 Crew Van
Ford,Transit 350 Cargo Van
Ford,Transit 350 Crew Van
Ford,Transit 350 HD Cargo Van
Ford,Transit 350 HD Crew Van
Ford,Transit 350 Passenger Van
Ford,Transit Connect Cargo Van
Ford,Transit Connect Passenger Wagon
Chevrolet,Traverse
Chevrolet,Trax
Audi,TT
Hyundai,Tucson
Hyundai,Tucson Hybrid
Hyundai,Tucson Plug-in Hybrid
Toyota,Tundra CrewMax
Toyota,Tundra Double Cab
Toyota,Tundra Hybrid CrewMax
Lexus,TX
Lamborghini,Urus
Lexus,UX
Volvo,V60
Volvo,V90
Aston Martin,Vantage
Hyundai,Veloster
Hyundai,Venue
Toyota,Venza
Nissan,Versa
VinFast,VF 8
VinFast,VF 9
Chrysler,Voyager
Jeep,Wagoneer
Jeep,Wagoneer L
Rolls-Royce,Wraith
Jeep,Wrangler
Jeep,Wrangler Unlimited
Jeep,Wrangler Unlimited 4xe
Subaru,WRX
BMW,X1
BMW,X2
BMW,X3
BMW,X3 M
BMW,X4
BMW,X4 M
BMW,X5
BMW,X5 M
BMW,X6
BMW,X6 M
BMW,X7
Volvo,XC40
Volvo,XC40 Recharge
Volvo,XC60
Volvo,XC90
Jaguar,XF
Cadillac,XT4
Cadillac,XT5
Cadillac,XT6
GMC,Yukon
GMC,Yukon XL
Nissan,Z
BMW,Z4
Polestar,1
Ram,1500 Classic Crew Cab
Ram,1500 Classic Quad Cab
Ram,1500 Classic Regular Cab
Ram,1500 Crew Cab
Ram,1500 Quad Cab
Polestar,2
BMW,2 Series
Ram,2500 Crew Cab
Ram,2500 Mega Cab
Ram,2500 Regular Cab
Ferrari,296 GTB
Polestar,3
BMW,3 Series
Chrysler,300
Ram,3500 Crew Cab
Ram,3500 Mega Cab
Ram,3500 Regular Cab
BMW,4 Series
Nissan,400Z
Ferrari,488 Pista
Toyota,4Runner
Polestar,5
BMW,5 Series
FIAT,500X
BMW,7 Series
Porsche,718 Boxster
Porsche,718 Cayman
Porsche,718 Spyder
BMW,8 Series
Ferrari,812 Competizione
Ferrari,812 Competizione A
Ferrari,812 GTS
Ferrari,812 Superfast
Toyota,86
Porsche,911
